{"Index":{"0":0.0,"1":1.0,"2":2.0,"3":3.0,"4":4.0,"5":5.0,"6":6.0,"7":7.0,"8":8.0,"9":9.0,"10":10.0,"11":11.0,"12":12.0,"13":13.0,"14":14.0,"15":15.0,"16":16.0,"17":17.0,"18":18.0,"19":19.0,"20":20.0,"21":21.0,"22":22.0,"23":23.0,"24":24.0,"25":25.0,"26":26.0,"27":27.0,"28":28.0,"29":29.0,"30":30.0,"31":31.0,"32":32.0,"33":33.0,"34":34.0,"35":35.0,"36":36.0,"37":37.0,"38":38.0,"39":39.0,"40":40.0,"41":41.0,"42":42.0,"43":43.0,"44":44.0,"45":45.0,"46":46.0,"47":47.0,"48":48.0,"49":49.0,"50":50.0,"51":51.0,"52":52.0,"53":53.0,"54":54.0,"55":55.0,"56":56.0,"57":57.0,"58":58.0,"59":59.0,"60":60.0,"61":61.0,"62":62.0,"63":63.0,"64":64.0,"65":65.0,"66":66.0,"67":67.0,"68":68.0,"69":69.0,"70":70.0,"71":71.0,"72":72.0,"73":73.0,"74":74.0,"75":75.0,"76":76.0,"77":77.0,"78":78.0,"79":79.0,"80":80.0,"81":81.0,"82":82.0,"83":83.0,"84":84.0,"85":85.0,"86":86.0,"87":87.0,"88":88.0,"89":89.0,"90":90.0,"91":91.0,"92":92.0,"93":93.0,"94":94.0,"95":95.0,"96":96.0,"97":97.0,"98":98.0,"99":99.0},"X1":{"0":11.255087,"1":9.330658,"2":8.261842,"3":20.704642,"4":0.266532,"5":8.860573,"6":21.815209,"7":3.277391,"8":10.060323,"9":5.461945,"10":9.477666,"11":12.094787,"12":19.181625,"13":11.584647,"14":14.436264,"15":21.106957,"16":4.463298,"17":10.446287,"18":12.003061,"19":17.367912,"20":8.646471,"21":11.038922,"22":1.875249,"23":8.278728,"24":14.722825,"25":9.399182,"26":21.261141,"27":7.504029,"28":9.10787,"29":12.774146,"30":5.204466,"31":0.538791,"32":15.274714,"33":20.091923,"34":1.753494,"35":18.987823,"36":21.534873,"37":18.545591,"38":23.837957,"39":14.403876,"40":20.826398,"41":14.198246,"42":20.163229,"43":11.184151,"44":14.275054,"45":15.652298,"46":5.526155,"47":9.749112,"48":0.964279,"49":1.665323,"50":16.558097,"51":18.091397,"52":12.063007,"53":1.111656,"54":17.340567,"55":0.85176,"56":1.660843,"57":9.918428,"58":5.904424,"59":7.595722,"60":11.822026,"61":8.705356,"62":2.965547,"63":23.822594,"64":12.986149,"65":12.17518,"66":10.037722,"67":6.253292,"68":16.866937,"69":16.25729,"70":14.083119,"71":18.729195,"72":-0.583595,"73":13.573644,"74":-0.745047,"75":16.951418,"76":21.218289,"77":-0.867855,"78":8.174515,"79":6.584217,"80":12.910452,"81":15.270108,"82":8.607237,"83":11.181752,"84":20.891608,"85":3.454771,"86":13.666015,"87":5.385255,"88":-2.868187,"89":4.71354,"90":9.272342,"91":6.423727,"92":20.45732,"93":17.606414,"94":7.685646,"95":15.640979,"96":17.994599,"97":5.886485,"98":6.884773,"99":2.042912},"X2":{"0":1.38802,"1":15.812443,"2":10.368068,"3":17.521954,"4":-0.222272,"5":7.139406,"6":8.909955,"7":14.694522,"8":-3.502673,"9":16.465121,"10":-5.99551,"11":14.534415,"12":13.264693,"13":7.229125,"14":3.527741,"15":18.277838,"16":-10.775073,"17":-0.990098,"18":-11.821415,"19":3.076191,"20":7.687237,"21":-10.672339,"22":15.998824,"23":15.005567,"24":13.631273,"25":-4.059914,"26":-7.823981,"27":8.806297,"28":15.843553,"29":23.377158,"30":-2.085374,"31":1.893738,"32":-5.279069,"33":12.992884,"34":11.476389,"35":-13.6152,"36":2.16897,"37":15.10477,"38":-7.321059,"39":-6.826055,"40":18.2402,"41":2.767573,"42":-3.65144,"43":-5.198614,"44":8.580808,"45":3.452386,"46":9.254522,"47":-0.401311,"48":13.448937,"49":9.096951,"50":-1.557675,"51":16.690263,"52":-6.349512,"53":11.829127,"54":-1.083385,"55":15.784905,"56":-3.322749,"57":5.182098,"58":-11.449357,"59":3.511801,"60":-2.588926,"61":-7.920961,"62":-10.081291,"63":-8.249176,"64":-9.243775,"65":-0.693407,"66":-3.059449,"67":12.948277,"68":-1.731963,"69":-9.577634,"70":-0.205309,"71":7.065756,"72":-8.327623,"73":1.222689,"74":11.37698,"75":-1.717738,"76":-4.027685,"77":-1.557932,"78":1.104804,"79":12.433904,"80":15.575192,"81":-7.6117,"82":-3.080854,"83":-2.067625,"84":-3.289431,"85":3.986367,"86":0.522921,"87":9.568078,"88":18.233711,"89":1.946947,"90":6.116313,"91":15.278251,"92":-3.05387,"93":1.644505,"94":8.806601,"95":14.309837,"96":8.260651,"97":-8.906907,"98":7.727073,"99":-8.228936},"X3":{"0":2.944195,"1":2.145769,"2":0.00032,"3":-0.99443,"4":1.691185,"5":1.35822,"6":0.929342,"7":-1.155989,"8":1.160483,"9":-0.849676,"10":1.585362,"11":3.005121,"12":1.29507,"13":-1.183219,"14":2.919028,"15":1.756408,"16":-0.871201,"17":2.384267,"18":1.46665,"19":2.075814,"20":-1.409617,"21":0.741448,"22":-1.264804,"23":4.750619,"24":0.00475,"25":1.324352,"26":-1.167154,"27":1.930841,"28":0.428045,"29":-0.143035,"30":2.060303,"31":-1.395512,"32":3.809006,"33":-1.297708,"34":1.831916,"35":-0.400013,"36":-0.07789,"37":3.997615,"38":1.243752,"39":2.328112,"40":2.657045,"41":4.52174,"42":-1.414425,"43":-0.516535,"44":3.331175,"45":1.942831,"46":0.365129,"47":5.298393,"48":0.768624,"49":2.146404,"50":2.950158,"51":1.248039,"52":0.461027,"53":-1.414074,"54":-1.835073,"55":-0.856546,"56":-1.032089,"57":2.662655,"58":-1.64189,"59":-0.883502,"60":2.792865,"61":1.014837,"62":1.821451,"63":1.806796,"64":2.279893,"65":1.534665,"66":1.80076,"67":4.134961,"68":1.528955,"69":-0.734332,"70":0.790991,"71":1.464297,"72":0.332128,"73":0.758716,"74":1.22961,"75":1.988111,"76":2.822607,"77":1.029743,"78":1.15733,"79":1.124413,"80":1.695148,"81":3.462442,"82":1.805178,"83":2.252162,"84":1.076235,"85":2.329681,"86":1.532734,"87":-0.759146,"88":1.940553,"89":-1.286614,"90":1.082951,"91":-1.909986,"92":2.254938,"93":-0.379981,"94":0.840885,"95":0.277425,"96":1.517454,"97":1.160803,"98":-0.594052,"99":0.001346},"X4":{"0":16.699407,"1":4.27098,"2":-23.268849,"3":-8.238067,"4":18.90602,"5":-21.018789,"6":6.171927,"7":-3.859009,"8":6.049523,"9":-18.996961,"10":5.2289,"11":-8.742146,"12":-11.264031,"13":-1.255562,"14":-19.945176,"15":5.127551,"16":-13.100431,"17":11.923312,"18":19.206374,"19":-13.813821,"20":-14.200448,"21":-15.614741,"22":9.715695,"23":-9.132171,"24":-5.307851,"25":-20.536479,"26":-5.087339,"27":23.53012,"28":21.141518,"29":-9.05436,"30":-17.16673,"31":-10.197296,"32":9.599484,"33":-17.919928,"34":-18.668705,"35":8.81086,"36":1.614843,"37":-15.963862,"38":10.713236,"39":-15.742974,"40":9.769793,"41":-2.308263,"42":20.658017,"43":6.68819,"44":13.326127,"45":3.661734,"46":14.670763,"47":-2.922008,"48":-1.600625,"49":10.353099,"50":12.759635,"51":-14.006735,"52":-4.539103,"53":0.29868,"54":-2.125683,"55":-18.23864,"56":-8.617016,"57":14.49095,"58":-7.407009,"59":-15.741652,"60":-10.262387,"61":-7.785026,"62":-12.45586,"63":-16.695878,"64":0.095923,"65":-19.284042,"66":20.218177,"67":13.393596,"68":-12.563857,"69":15.388754,"70":14.521783,"71":-15.019483,"72":17.625909,"73":-0.45015,"74":7.220183,"75":-18.945293,"76":-3.58954,"77":-5.25173,"78":6.574197,"79":17.28401,"80":-10.680893,"81":11.158729,"82":-1.163793,"83":-17.17249,"84":-6.374288,"85":10.704756,"86":16.286549,"87":-4.063765,"88":-4.795649,"89":10.625519,"90":-21.978928,"91":9.21782,"92":-6.46528,"93":-17.787876,"94":2.720718,"95":8.583899,"96":-7.62421,"97":-16.403302,"98":-2.874863,"99":5.763573},"X5":{"0":-4.294483,"1":24.825712,"2":8.381265,"3":13.409873,"4":0.464972,"5":4.658367,"6":20.736789,"7":5.792042,"8":8.251156,"9":7.314994,"10":12.033579,"11":-8.20853,"12":0.109002,"13":7.399074,"14":12.946973,"15":7.079687,"16":2.411784,"17":-6.294731,"18":-6.05602,"19":7.545922,"20":5.935058,"21":-2.20283,"22":8.359436,"23":-11.254983,"24":-2.386897,"25":8.897569,"26":17.163099,"27":15.397472,"28":-12.019567,"29":2.738521,"30":4.821588,"31":14.612803,"32":6.878659,"33":12.952692,"34":12.053606,"35":13.979037,"36":15.390184,"37":7.241818,"38":16.055116,"39":5.758479,"40":8.426554,"41":-0.459519,"42":10.415453,"43":6.023779,"44":0.608555,"45":-5.52539,"46":7.077766,"47":12.912876,"48":1.270016,"49":-2.034909,"50":8.180998,"51":11.787898,"52":-5.344709,"53":1.70782,"54":12.763768,"55":-4.843181,"56":16.380806,"57":15.714466,"58":5.177352,"59":21.245581,"60":1.572197,"61":11.249643,"62":22.84922,"63":10.235323,"64":-1.743289,"65":17.144355,"66":6.476434,"67":-8.964573,"68":2.157078,"69":5.478458,"70":21.024903,"71":-16.501386,"72":20.083154,"73":10.304841,"74":8.926401,"75":20.452816,"76":5.465425,"77":12.727624,"78":12.146042,"79":6.897989,"80":13.838054,"81":18.965155,